Eno,Name,25-Apr,Last Rnk,MLBAM id,Team,Proj IP,Injury,Stuff+,Location+,Pitching+,ppERA,ppK%,ppBB%,Arsenal,K-BB,ERA,Proj OOPSY $,Blurb,,
1,Tarik Skubal,2,2,669373,DET,200,80%,119,110,127,2.47,30.9%,5.1%,59.5,32.3%,2.26,42.25,"Somehow Tarik Skubal got better. He won the Cy Young, and then he added velocity, made his breaking balls better, and improved his already league-leading command. His strikeout rate is godly, his walk rate is miniscule, and he's breaking Tigers velocity records with last pitches on complete game shutouts: there's literally nothing to not like. Well, just that old injury ledger. Old history, by now?",,
2,Paul Skenes,1,1,694973,PIT,195,81%,108,110,116,2.77,29.2%,6.8%,70.5,20.1%,2.15,30.82,"Paul Skenes did nothing to deserve a demotion, really. It's just that his teammates won't be handing him many wins, so that category won't be a standout. And maybe it's also that his arsenal is more geared toward suppressing power than it is to the elite swing and miss we saw last year. That old discussion, of his fastball shape and how it's not ideal, has resurfaced in the light of a strikeout rate that is more above-average than league-leading. He's still a great pitcher, though.",,
3,Zack Wheeler,3,3,554430,PHI,203,77%,110,107,118,3.10,27.9%,6.4%,73,25.9%,2.96,32.56,"Occasionally, one of Zack Wheeler's three fastballs falls below average by Stuff+, who knows why. One of the many little dials goes in the wrong direction, I guess. He's still got really good velocity, and whenever that happens with one of his three fastballs, he's still got the other two to play with. He continues to innovate -- this year he added ride to the fastball, drop to the curveball and sinker, and sweep to the sweeper -- just to stay on top of the heap. Once you figure in consistency over multiple seasons, he becomes the top pitcher in baseball.",,
4,Garrett Crochet,5,5,676979,BOS,187,69%,113,95,106,3.14,30.4%,7.5%,51.5,22.9%,1.98,24.08,"Most of the changes in Garrett Crochet's arsenal came over the course of last year, when he added the sinker and de-emphasized the the slider in favor of the cutter. But they were good changes because it's helped him be less of a two-pitch guy. Now, more than a qurater of the time, batters will get something other than those two dominant pitches, and that is helping the lefty get deeper into games. This is proceeding just as planned.",,
5,Chris Sale,11,6,519242,ATL,182,66%,107,102,101,3.24,29.3%,6.7%,61,23.4%,3.06,27.59,"A couple of games early on had some worried that Chris Sale wasn't going to have a dominant year, but then he leaned into the slider, upped its usage, and went off. Since he started throwing the slider more than half the time, he has a 1.62 ERA with 42 strikeouts and seven walks in 33.1 innings -- and that includes a start in Coors! His pitch-type grades say that pitching backwards is the right plan, but here could be some worry that the league adjusts to this new reality, or that the injury bug bites him again.",,
6,Max Fried,7,14,608331,NYY,191,79%,108,104,112,3.36,23.4%,7.0%,74.25,18.1%,1.92,21.05,"The Yankees had ideas for Max Fried. They improved his sinker, giving it more drop, and even got more drop on that curveball he's thrown forever. He's throwing harder than ever, and he's probably the best version of himself, which is saying something for a pitcher that had a four-year ERA under three going into this season. The only thing that keeps him out of the top four is a somewhat pedestrian strikeout rate. He's succeeded with that k-rate before, but it's still a scoring category in most leagues.",,
7,Yoshinobu Yamamoto,9,18,808967,LAD,163,74%,95,105,103,3.15,27.3%,7.4%,61.5,20.2%,2.39,23.50,"He may not have standout Stuff+, but at this point, Yoshinobu Yamamoto has shown us that he can get major league results, and his elite strikeout and walk rates mean a little more now than the model. And even the model has some surprises under the hood -- his splitter is equally good against both lefties and righties, and in his sinker and four-seam he always has at least a league-average fastball against each hand as well. The splitter is the north star, and he's found a way to build around that to great success.",,
8,Logan Webb,12,17,657277,SFG,201,98%,106,108,111,3.30,22.9%,5.3%,28.25,22.3%,2.82,23.32,"The strikeouts. The strikeouts are new for Logan Webb. They've come because Webb has added a cutter, and not because the cutter is all that good. The cutter is boring. But it's a completely different movement profile, one that helps make his four-seam, sinker, change, and slider all better by living in the middle of the movement plot. He's always had the command, and the ground balls, and the dominance against righties, and now he's striking out nearly a third of the lefties he's facing. He'll compete for the NL Cy Young.",,
9,Hunter Brown,8,16,686613,HOU,188,93%,111,101,111,3.29,27.3%,8.0%,72.75,23.4%,1.83,21.92,"Right now Hunter Brown is just straight dominating with heat. That sinker he added last year is nasty -- best among starters in Stuff+ -- and it's setting up his four-seam as an action pitch, to the point that batters are 'hitting' .090 on it. If there is a nit to pick, it's that the secondaries aren't quite as good as the fastballs, but the knuckle curve scores well by Stuff+ and should be able to handle more usage if the fastball-heavy approach hits a snag.",,
10,Hunter Greene,10,30,668881,CIN,167,79%,126,99,121,3.28,30.4%,8.4%,66.5,25.7%,2.63,26.44,"It wasn't the greatest first start back from injury, in terms of strikeouts (three) or command (second-worst location numbers of the year), but it was good to see the groin injury was behind Hunter Greene, and that the stuff was mostly there. The extreme velocity and the new splitter, as well as his decision to just fill up the zone with nastiness (highest zone rate of his career) is what makes him elite, and all that was still there in his return.",,
11,Cole Ragans,6,8,666142,KCR,152,91%,108,103,108,3.47,28.0%,8.6%,82,30.9%,4.53,18.59,"It's not *just* the groin injury that pushed Cole Ragans down in the projections (31 going forward by OOPSY projections) -- it's that he's lost some stuff. It's not super obvious why, at first, because his fastball velocity is the same as it ever was, but it's still velocity related. He's lost gas on all of his secondaries, to varying degrees. He'll be back, and he'll be good, but will he be more a top ten guy like he was last year, or a little bit lesser?",,
12,Logan Gilbert,4,4,669302,SEA,134,95%,99,116,115,3.13,26.2%,5.5%,91.75,32.5%,2.37,26.54,"By projections, Logan Gilbert should be a top five pitcher. He was pitching that way before injury, too, using an improved splitter to increase his strikeout rate to elite territory. But flexor strains are a tricky injury. They have been shown to be a precusor to more devastating elbow injuries in peer-reviewed studies in the past, so it's no minor thing. That said, he looks healthy and on track for a start this week.",,
13,Dylan Cease,14,9,656302,SDP,184,92%,108,103,111,3.44,28.2%,8.8%,80.75,21.2%,4.66,23.65,"Strikeout minus walk rate is just about tied with Stuff+ as the most predictive statistic for a pitcher in season, and by strikeouts minus walks, Dylan Cease is a top 15 pitcher. It's true that his arsenal is small (basically two pitches), and that he can be prone to home runs (because of the small arsenal?), but it's also true that he's been a little unlucky this year on balls in play (.320 BABIP) and that he has the stuff to keep fueling those strikeouts. Better ERA days are probably ahead.",,
14,Jacob deGrom,13,12,594798,TEX,158,38%,106,113,121,3.22,28.1%,6.3%,45.5,18.1%,2.34,22.25,"Who knows why Jacob deGrom didn't strike out a batter against the Blue Jays. He did have a momentary step back in stuff, with his fastball down a tick off the start before, his slider dropping under 89 mph for the first time, and his overall Stuff+ dipping under 100 for the firs time this year. But he started the year close to a lot of those averages and had been adding stuff back in over the course of the first two months. Here's to betting it was a temporary blip. He did on'y give up two runs, after all.",,
15,George Kirby,31,32,669923,SEA,119,95%,102,102,100,3.35,23.6%,4.0%,70.25,11.9%,11.42,23.70,"The first two starts back weren't great for George Kirby. The stuff came back after he lost time to shoulder inflammation, but the characteristic command has not. He's been more middle-middle than he's been in the past, at least. The good news is that command fluctuates more start-to-start than stuff, so hopefully this is just him, shaking the rust off. Especially since he's the ""nine-pocket god"" and command genius, as Bryce Miller called him in spring.",,
16,Bryan Woo,20,29,693433,SEA,179,83%,104,111,112,3.29,24.4%,5.4%,55.75,19.6%,2.82,23.00,"They don't look anything alike in terms of stature or even pitch shapes, but there is something similar about Bryan Woo and Hunter Brown. They both have excellent fastballs and primarily throw two hard pitches and a breaking ball. Woo's stuff may not be quite as good, so he's had a bouple blowups, but other than those two games, there are a ton of great games on his ledger. It may not come with a ton of strikeouts, but Woo's got something sustainable going.",,
17,Freddy Peralta,15,24,642547,MIL,176,86%,101,100,102,3.57,26.7%,8.6%,75.75,14.7%,2.77,20.38,"He's healthy, and the results say he's dealing, so no need to look any further at Freddy Peralta's line, right? No need to worry about the career-worst strikeout rate, and the slight tick up in walks? The fact that his slider has all but disappeared? Probably not. He's dealing, and he's healthy.",,
18,Joe Ryan,22,22,657746,MIN,166,85%,105,105,106,3.58,26.9%,5.4%,58,26.0%,2.57,21.05,"The velocity is a little shaky for Joe Ryan -- he's ranged from 91.5 to 94.4 in his outings this year and sat 94 for the year last season -- but the results have been steady. His fastball is still his best pitch relative to the league, but he's found a good mix of sweepers, sliders, and splitters to complement that invisiball, and the strikeouts and walks are impeccable. The only risk comes from durability, and a fluctuating home run rate that's often tied to that number on the radar gun.",,
19,Framber Valdez,19,10,664285,HOU,203,91%,106,104,113,3.36,23.8%,7.6%,78.75,16.0%,3.12,20.98,"It's probably because of inconsistent command, but there's always one stretch every year where everyone doubts Framber Valdez. The last two postseasons have been bad, and his May last year was a lot like his April this year -- big ERAs, big walk rates, looks lost out there. But then he reals off a stretch that matches his stuff. He had an ERA under two in the second half last year, and this May he seems well on his way to another underrated season.",,
20,Cristopher Sánchez,27,36,650911,PHI,165,89%,113,94,109,3.46,23.4%,6.9%,47,18.9%,3.32,18.15,"He said he was going to add a pitch, and then he didn't. He came in sitting in the high nineties this spring, and he's fallen back to just a tick over last year. He doesn't really have the right fastball to pitch to righties. But have you seen Cristopher Sánchez pitch? He's got the goods. That might be the best changeup in the game, and this year's strikeout rate -- if it holds -- gives him upside to rank even higher than this when all is said and done.",,
21,Spencer Schwellenbach,17,28,680885,ATL,195,84%,109,110,118,3.58,23.5%,6.0%,89,19.7%,3.13,19.11,"A bit of a kitchen sinker, Spencer Schwellenbach gets it done by throwing six different pitch types with command more than anything. He cuts his fastball a little to keep it from having a 'normal' shape for his arm slot, and his splitter is becoming more and more of a weapon over time, but it's really how good he is at pitching, and keeping batters on their toes, than about blowing it by them with the biggest velocity. He may not have the top-end strikeout rates of the aces above him on that list, therefore, but he might also be a great bet to continue doing this for a long time.",,
22,Drew Rasmussen,23,63,656876,TBR,151,58%,112,101,108,3.39,23.9%,6.4%,14.25,15.8%,2.33,13.33,"Drew Rasmussen is nasty. He throws a 96 mph fastball that has about an inch more ride than you'd expect given his arm slot, so it's not poor shape. Then there's the 90 mph gyro slider that's labeled a cutter -- battters are slugging under .300 on the pitch even though he throws it all the time. He throws a sweeper with top-ten velocity among starters, and has developed a pretty good sinker over time. He's struck out more batters than he's striking out right now, and his stuff is in line with pre-injury numbers, so the bet here is that the Ks will come.",,
23,Pablo López,29,21,641154,MIN,173,88%,95,114,108,3.69,24.9%,5.9%,84.25,20.4%,2.75,18.88,"The changeup is dropping around four inches more this year for Pablo López, but it's also a tick and a half slower. The curve's dropping a little more. He's lost about a half tick on the fastballs. There are differences this year, but the strikeouts minus walk and Stuff+ numbers are almost an exact match for last year. Most likely, he'll give up a few more homers going forward and be a mid-to-high threes ERA guy with a great WHIP and a nice win total.",,
24,Spencer Strider,25,19,675911,ATL,115,71%,98,87,86,3.14,32.7%,7.8%,81,15.0%,4.50,26.62,"The OOPSY projections say he's still a top ten pitcher, but Stuff+ says that Spencer Strider lost something in his last surgery. The radar gun agrees, too. He went from sitting 97+ before, to maxing out at that number and sitting 95 now. Some use 85 mph as a 'magic number' for sliders, where it's hard to have a bad one faster than that, and it's tough to have a good one slower than that. Strider's slider went from sitting 86 in 2023 to sitting 84 this saeson. Maybe the velo will come back with time, but three starts of velo coming back from the injured list is very predictive of future velocity, studies have found.",,
25,Michael King,18,26,650633,SDP,138,88%,101,103,104,3.65,25.8%,8.1%,42,20.9%,2.59,13.09,"If he's on the mound and healthy soon, the 15th-best strikeout-minus-walk rate in baseball means more, predictively speaking, than the slightly above-average Stuff+ number at this point in Michael King's season and career. And maybe this stint is going to be short, and this will be too low for the Padres' ace. But docking him ten-ish ranks because he's not pitching right now seems about right.",,
26,Kodai Senga,26,39,673540,NYM,163,67%,94,97,96,3.66,25.0%,10.2%,#N/A,12.4%,1.60,11.66,,,
27,Carlos Rodón,34,44,607074,NYY,184,65%,104,98,101,3.78,27.3%,8.5%,41.25,22.5%,2.60,18.38,,,
28,Luis Castillo,36,23,622491,SEA,187,88%,97,103,101,3.66,23.7%,7.3%,51,11.1%,3.03,19.10,,,
29,Robbie Ray,55,43,592662,SFG,174,53%,98,92,92,3.74,26.1%,9.4%,28.25,17.1%,2.43,14.18,,,
30,Nick Pivetta,30,55,601713,SDP,171,86%,94,113,108,3.79,26.6%,7.8%,74,21.5%,2.74,16.87,,,
31,Sonny Gray,37,38,543243,STL,185,83%,96,102,101,3.70,24.2%,6.5%,78.5,22.2%,3.65,18.08,,,
32,Jesús Luzardo,42,61,666200,PHI,169,75%,101,111,112,3.72,26.2%,7.5%,59.5,19.9%,3.58,12.50,,,
33,MacKenzie Gore,52,70,669022,WSN,179,88%,101,104,105,3.88,26.8%,8.5%,49.75,28.7%,3.16,13.18,,,
34,Kevin Gausman,44,49,592332,TOR,193,87%,102,107,109,3.81,24.5%,6.9%,47.75,19.4%,3.82,16.98,,,
35,Jack Flaherty,46,51,656427,DET,164,86%,99,102,100,3.77,25.8%,7.7%,68.25,22.0%,3.94,14.47,,,
36,Ryan Pepiot,40,35,686752,TBR,174,77%,107,104,110,3.86,23.8%,7.9%,44.5,12.8%,3.21,12.95,,,
37,Clay Holmes,24,46,605280,NYM,149,,102,103,106,3.44,23.1%,8.8%,60,13.0%,3.07,11.61,,,
38,Bryce Miller,28,15,682243,SEA,141,93%,101,92,93,3.82,22.5%,7.0%,67,7.8%,5.36,14.18,,,
39,Tanner Bibee,48,27,676440,CLE,173,93%,101,97,99,3.85,23.2%,7.1%,90,11.1%,3.86,14.92,,,
40,Eury Perez,118,101,691587,MIA,70,,#N/A,#N/A,#N/A,3.93,25.9%,7.8%,#N/A,#N/A,#N/A,8.46,,,
41,Gavin Williams,41,45,668909,CLE,161,77%,101,92,96,3.87,25.0%,10.1%,45,12.5%,3.79,10.73,,,
42,Tylor Megill,43,57,656731,NYM,135,75%,109,99,108,3.66,25.0%,9.5%,90,19.0%,3.52,3.13,,,
43,Nathan Eovaldi,47,53,543135,TEX,149,67%,99,106,105,3.65,23.4%,6.6%,70.25,23.7%,1.56,14.25,,,
44,Kris Bubic,53,152,663460,KCR,185,,95,105,103,3.94,23.0%,7.6%,,19.4%,1.43,5.60,,,
45,Shota Imanaga,32,34,684007,CHC,134,89%,99,113,112,4.03,22.1%,5.8%,11.75,11.0%,2.82,11.29,,,
46,Clarke Schmidt,64,76,657376,NYY,142,78%,101,103,105,3.84,23.8%,8.1%,39.5,12.3%,3.95,10.44,,,
47,Aaron Nola,33,25,605400,PHI,161,93%,105,104,107,3.86,23.9%,6.1%,57.75,16.4%,6.16,16.09,,,
48,Reese Olson,50,54,681857,DET,132,84%,94,99,94,3.66,23.1%,8.1%,71.25,15.9%,2.96,10.01,,,
49,Seth Lugo,69,60,607625,KCR,179,85%,97,95,91,4.23,20.1%,6.5%,87.25,11.7%,3.45,7.84,,,
50,Bailey Ober,66,52,641927,MIN,169,95%,96,105,102,4.19,22.5%,5.8%,81,13.4%,3.48,11.00,,,
51,Zac Gallen,49,41,668678,ARI,181,90%,90,103,98,3.98,23.3%,7.6%,62.5,11.6%,5.54,11.31,,,
52,Zach Eflin,79,69,621107,BAL,159,87%,95,105,99,4.04,19.9%,4.5%,64.5,11.2%,4.46,12.37,,,
53,Shane McClanahan,56,46,663556,TBR,75,,#N/A,#N/A,#N/A,3.31,26.6%,6.8%,#N/A,#N/A,#N/A,16.30,,,
54,Tyler Glasnow,16,13,607192,LAD,99,65%,96,85,88,3.24,29.0%,8.0%,64.5,15.6%,4.50,17.70,,,down
55,Corbin Burnes,21,7,669203,ARI,122,92%,102,102,108,3.60,23.6%,7.5%,65.75,14.0%,2.66,13.35,,,down
56,Blake Snell,57,11,605483,LAD,71,78%,90,109,107,3.63,28.4%,11.0%,67.75,-8.7%,2.00,9.06,,,
57,Edward Cabrera,80,94,665795,MIA,136,73%,106,100,107,3.79,25.5%,10.7%,61.5,14.7%,4.14,7.47,,,
58,Nick Lodolo,59,56,666157,CIN,161,73%,101,100,97,4.03,23.7%,6.9%,33.25,15.9%,3.10,9.69,,,
59,Ryan Weathers,136,106,677960,MIA,120,77%,108,106,115,4.08,22.2%,8.4%,47.75,17.2%,2.49,4.79,,,
60,Landen Roupp,51,81,694738,SFG,147,,99,108,106,3.81,23.5%,9.3%,,14.5%,3.54,5.75,,,
61,Matthew Boyd,82,98,571510,CHC,161,63%,96,105,96,3.93,24.1%,7.2%,59,19.1%,3.08,9.38,,,
62,Ranger Suárez,67,64,624133,PHI,139,88%,97,114,110,3.90,22.2%,7.5%,93,15.2%,2.72,7.55,,,
63,Taj Bradley,45,50,671737,TBR,179,87%,100,90,90,4.04,23.6%,8.3%,59.25,12.7%,3.95,10.65,,,
64,Max Meyer,35,108,676974,MIA,159,65%,96,107,108,4.08,22.5%,7.8%,65,16.9%,4.53,4.66,,,
65,Matthew Liberatore,62,146,669461,STL,164,#N/A,100,104,103,4.05,21.1%,7.5%,84,18.1%,3.08,3.06,,,
66,Casey Mize,84,96,663554,DET,145,63%,98,103,102,4.03,20.4%,6.8%,65.5,15.9%,2.82,6.90,,,
67,Dustin May,70,84,669160,LAD,115,,97,100,97,3.76,23.5%,8.2%,#N/A,16.2%,4.20,4.50,,,
68,Kyle Harrison,155,133,690986,SFG,79,86%,97,121,113,3.75,25.7%,8.7%,37.5,17.9%,2.51,5.82,,,
69,Hayden Birdsong,181,120,806185,SFG,129,81%,105,92,101,3.88,25.5%,10.9%,84,17.4%,2.37,4.01,,,
70,Zebby Matthews,115,148,805673,MIN,98,78%,108,105,111,3.78,24.0%,5.9%,53,25.8%,6.43,8.43,,,
71,David Peterson,75,82,656849,NYM,157,85%,90,100,94,3.89,22.0%,8.8%,69.5,13.3%,2.69,6.42,,,
72,Sandy Alcantara,38,37,645261,MIA,164,,108,93,101,3.90,21.4%,7.6%,#N/A,4.6%,8.47,12.46,,,
73,Will Warren,65,85,701542,NYY,145,,102,99,103,4.03,23.6%,8.7%,44,19.4%,5.19,4.53,,,
74,Mitch Keller,96,80,656605,PIT,184,95%,96,102,99,4.07,21.4%,6.7%,68,12.5%,3.73,9.57,,,
75,Luis Severino,68,71,622663,ATH,178,71%,107,98,104,4.07,21.1%,7.7%,56,10.5%,3.89,9.32,,,
76,Yusei Kikuchi,54,42,579328,LAA,176,88%,94,105,103,4.12,24.4%,8.3%,43,8.1%,3.06,10.80,,,
77,Shane Baz,39,59,669358,TBR,164,62%,108,98,108,4.00,22.8%,9.0%,77.75,12.8%,4.92,6.93,,,
78,Jameson Taillon,103,124,592791,CHC,179,81%,97,111,106,4.18,20.0%,5.7%,69.75,14.5%,3.76,9.65,,,
79,Chris Bassitt,97,104,605135,TOR,179,85%,98,106,101,4.24,21.3%,7.6%,91.25,18.7%,3.80,7.48,,,
80,Merrill Kelly,132,116,518876,ARI,175,75%,91,104,98,4.11,21.5%,7.7%,37.75,16.5%,3.78,8.43,,,
81,Shane Bieber,158,140,669456,CLE,77,,#N/A,#N/A,#N/A,3.84,21.9%,6.3%,,#N/A,#N/A,6.67,,,
82,Luis Gil,121,100,661563,NYY,66,70%,#N/A,#N/A,#N/A,4.15,26.2%,11.3%,31.75,#N/A,#N/A,3.80,,,
83,Grayson Rodriguez,111,47,680570,BAL,47,82%,#N/A,#N/A,#N/A,3.72,25.5%,7.5%,83.5,#N/A,#N/A,4.68,,,
84,Shohei Ohtani,89,74,660271,LAD,41,64%,#N/A,#N/A,#N/A,3.62,27.5%,8.6%,#N/A,#N/A,#N/A,6.26,,,
85,Sean Manaea,91,78,640455,NYM,75,84%,#N/A,#N/A,#N/A,4.18,23.7%,8.1%,85,#N/A,#N/A,6.10,,,
86,Tyler Mahle,94,127,641816,TEX,165,55%,92,112,104,4.38,20.3%,8.1%,25.75,9.3%,1.64,5.06,,,
87,Andrew Abbott,123,131,671096,CIN,138,88%,96,96,91,4.49,23.3%,8.7%,67,18.6%,1.51,4.62,,,
88,Lance McCullers,100,,621121,HOU,120,,102,90,93,4.08,24.4%,10.0%,,16.5%,5.89,5.18,,,
89,Chad Patrick,,,694477,MIL,121,,103,100,101,4.16,21.3%,7.5%,,14.8%,2.97,2.33,,,
90,Cade Horton,,,690990,CHC,88,,97,99,98,4.04,23.2%,8.9%,,14.0%,3.98,0.24,,,
91,Luis L. Ortiz,100,89,682847,CLE,164,88%,98,96,95,4.19,21.0%,9.2%,#N/A,13.2%,4.40,2.24,,,
92,Ryne Nelson,166,159,669194,ARI,133,85%,108,100,107,4.17,19.7%,6.6%,83.5,14.2%,3.43,2.57,,,
93,José Soriano,86,72,667755,LAA,166,76%,92,110,106,4.14,20.4%,10.5%,52,5.1%,3.41,2.52,,,
94,Ben Brown,71,138,676962,CHC,135,71%,98,99,95,3.65,26.5%,9.2%,22,20.5%,5.72,7.38,,,
95,Bowden Francis,85,91,670102,TOR,155,82%,93,103,99,4.16,21.5%,6.7%,78.75,12.2%,5.04,6.84,,,
96,Michael Wacha,108,93,608379,KCR,169,76%,98,103,100,4.25,19.8%,7.2%,84,11.3%,2.88,5.92,,,
97,Brandon Pfaadt,60,48,694297,ARI,168,94%,96,102,98,4.17,21.9%,5.6%,39,12.6%,5.05,8.88,,,
98,Clayton Kershaw,,,477132,LAD,77,,95,90,87,4.17,20.7%,7.5%,,0.0%,4.91,4.21,,,
99,Griffin Canning,102,153,656288,LAA,126,86%,92,100,94,4.28,20.8%,8.7%,56.5,10.9%,3.23,0.49,,,
100,Kumar Rocker,72,75,677958,TEX,96,74%,95,102,96,3.84,23.7%,7.3%,36,11.6%,8.10,6.67,,,
101,Grant Holmes,78,65,656550,ATL,162,78%,90,102,96,4.06,23.3%,8.2%,66.75,14.0%,3.78,5.09,,,
102,Quinn Priester,81,,682990,BOS,105,82%,97,94,92,4.10,19.8%,8.0%,54.5,4.2%,4.09,3.35,,,
103,Eduardo Rodriguez,101,136,593958,ARI,134,71%,92,99,93,4.40,21.5%,8.0%,33.5,16.1%,7.05,2.24,,,
104,Bubba Chandler,,,696149,PIT,70,,#N/A,#N/A,#N/A,4.10,23.3%,10.3%,,#N/A,#N/A,3.37,,,
105,Max Scherzer,117,62,453286,TOR,82,64%,93,122,115,3.99,24.2%,6.9%,54.5,9.1%,6.00,9.14,,,
106,Justin Verlander,74,66,434378,SFG,128,62%,106,91,97,4.10,20.6%,7.3%,67.75,8.9%,4.33,8.44,,,
107,Frankie Montas Jr.,139,107,593423,NYM,77,65%,#N/A,#N/A,#N/A,3.95,22.5%,9.9%,#N/A,#N/A,#N/A,6.51,,,
108,Andre Pallante,156,176,669467,STL,165,87%,92,102,96,4.18,17.5%,9.1%,49.5,7.2%,4.23,-2.10,,,
109,Sawyer Gipson-Long,,,687830,DET,45,,#N/A,#N/A,#N/A,4.11,21.1%,7.0%,#N/A,#N/A,#N/A,#N/A,,,
110,Slade Cecconi,165,151,677944,CLE,79,81%,96,105,97,4.26,20.2%,5.8%,63,17.9%,5.28,2.20,,,
111,José Berríos,105,92,621244,TOR,191,96%,91,95,89,4.32,20.5%,7.3%,68.5,12.6%,3.86,7.26,,,
112,Spencer Arrighetti,92,67,681293,HOU,65,87%,102,100,105,4.33,23.8%,10.1%,90.25,7.7%,5.59,1.70,,,
113,Yu Darvish,88,73,506433,SDP,53,57%,#N/A,#N/A,#N/A,3.98,22.7%,7.3%,91.75,#N/A,#N/A,4.93,,,
114,Brayan Bello,95,103,678394,BOS,137,89%,90,100,93,4.38,20.6%,8.4%,60,3.9%,3.83,2.18,,,
115,Ryan Yarbrough,,,642232,NYY,95,,102,106,102,4.31,19.1%,7.1%,,,,1.80,,,
115,Walker Buehler,124,87,621111,BOS,133,58%,99,99,98,4.65,20.1%,8.1%,77.5,13.6%,4.44,-2.59,,,
116,Chris Paddack,131,126,663978,MIN,161,58%,95,113,108,4.42,20.2%,7.1%,43.5,11.2%,3.58,0.00,,,
117,Colton Gordon,,,676467,HOU,101,,97,111,101,4.44,20.5%,6.8%,,19.5%,5.95,-0.03,,,
118,J.T. Ginn,93,,669372,ATH,101,,100,102,107,4.21,20.6%,8.2%,,19.8%,5.60,0.55,,,
119,Cade Povich,128,111,700249,BAL,124,85%,97,103,99,4.38,22.1%,9.2%,71.25,14.6%,5.29,0.57,,,
120,Landon Knack,163,185,689017,LAD,60,80%,96,103,97,4.47,21.5%,7.9%,72.25,13.8%,4.58,-1.55,,,
121,Andrew Heaney,98,155,571760,PIT,161,77%,95,101,93,4.47,20.4%,7.7%,40.5,8.3%,3.39,1.28,,,
122,Brady Singer,76,177,663903,CIN,164,94%,95,98,93,4.38,21.3%,7.3%,51,10.4%,4.60,5.75,,,
123,Tony Gonsolin,126,123,664062,LAD,120,,95,93,87,4.35,22.1%,8.7%,#N/A,12.6%,5.23,0.82,,,
124,Colin Rea,99,156,607067,CHC,148,81%,96,100,94,4.29,19.7%,6.8%,76.5,12.3%,3.96,2.00,,,
125,Ryan Gusto,106,,687473,HOU,121,,101,95,96,4.67,19.6%,8.9%,,12.9%,4.62,-1.58,,,
126,Nick Martinez,107,117,607259,CIN,173,88%,93,108,102,4.24,19.9%,6.3%,82.5,11.5%,3.89,4.79,,,
127,Aaron Civale,119,79,650644,MIL,104,86%,93,100,92,4.26,21.6%,7.4%,77.25,10.0%,6.00,4.20,,,
128,Jack Leiter,73,118,683004,TEX,134,75%,110,90,101,4.13,23.6%,10.6%,67.75,6.7%,3.66,2.58,,,
129,Kutter Crawford,140,114,676710,BOS,76,92%,#N/A,#N/A,#N/A,4.33,23.1%,6.7%,85.25,#N/A,#N/A,6.51,,,
130,Logan Henderson,112,,701656,MIL,59,,94,111,102,3.76,26.5%,8.3%,,28.4%,1.71,#N/A,,,
131,David Festa,113,129,701581,MIN,86,80%,99,102,105,3.88,24.9%,8.6%,29,17.9%,1.38,5.18,,,
132,Andrew Painter,114,147,691725,PHI,60,,#N/A,#N/A,#N/A,4.01,23.8%,8.0%,,#N/A,#N/A,3.25,,,
133,Joe Boyle,116,121,671212,TBR,44,74%,107,74,82,4.14,25.7%,14.6%,69.75,27.8%,0.00,-1.68,,,
134,Mike Soroka,146,125,647336,WSN,132,,97,108,101,4.31,21.7%,8.4%,,16.8%,5.81,0.75,,,
135,Logan Evans,,,688138,SEA,57,,97,103,99,4.28,18.5%,8.0%,,10.4%,2.83,#N/A,,,
136,Dean Kremer,130,113,665152,BAL,167,88%,98,101,97,4.36,20.5%,7.7%,72.75,11.3%,4.70,4.76,,,
137,Davis Martin,141,122,663436,CHW,154,79%,97,100,99,4.40,19.0%,7.7%,73,8.5%,3.67,2.45,,,
138,Stephen Kolek,,,663568,SDP,116,,96,99,98,4.12,19.0%,7.5%,,10.9%,4.11,1.31,,,
139,Tomoyuki Sugano,150,134,608372,BAL,1,,92,105,101,4.58,16.6%,5.8%,#N/A,9.8%,3.23,0.22,,,
140,Jonathan Cannon,203,200,686563,CHW,155,87%,99,102,101,4.76,17.1%,7.9%,62.25,10.6%,4.15,-3.42,,,
141,Richard Fitts,,,690916,BOS,81,,98,103,101,4.73,18.4%,7.2%,,11.0%,2.70,-2.86,,,
142,Brandon Woodruff,122,144,605540,MIL,105,,#N/A,#N/A,#N/A,3.85,23.8%,7.0%,#N/A,#N/A,#N/A,15.88,,,
143,Bailey Falter,,,663559,PIT,165,88%,95,97,94,4.60,17.2%,7.3%,58.5,7.4%,3.14,-1.42,,,
144,Lucas Giolito,138,112,608337,BOS,137,,88,105,95,4.83,21.2%,8.9%,#N/A,11.8%,4.78,-2.02,,,
145,Jake Irvin,147,158,663623,WSN,182,94%,94,105,96,4.65,18.0%,7.5%,71.5,8.9%,3.93,1.00,,,
146,Shane Smith,137,150,681343,CHW,156,,95,101,100,4.09,22.6%,9.6%,,12.8%,2.68,1.80,,,
147,Charlie Morton,152,119,450203,BAL,146,70%,99,94,94,4.39,22.4%,10.2%,80.75,10.1%,6.20,3.25,,,
148,Jackson Jobe,61,86,695549,DET,109,,109,96,103,4.26,20.7%,10.2%,#N/A,5.5%,4.22,-0.19,,,
149,Luis Garcia,133,128,677651,HOU,42,,#N/A,#N/A,#N/A,3.94,23.7%,7.7%,,#N/A,#N/A,3.34,,,
150,Roki Sasaki,77,20,808963,LAD,100,,90,91,85,4.84,19.2%,10.9%,#N/A,1.3%,4.72,-1.40,,,
,,,,,,,,,,,,,,,,,,,,
,,,,,,,,,,,,,,,,,,,,
,,,,,,,,,,,,,,,,,,,,
,,,,,,,,,,,,,,,,,,,,
,,,,,,,,,,,,,,,,,,,,
,,,,,,,,,,,,,,,,,,,,
,,,,,,,,,,,,,,,,,,,,
,,,,,,,,,,,,,,,,,,,,
,,,,,,,,,,,,,,,,,,,,
,,,,,,,,,,,,,,,,,,,,
,,,,,,,,,,,,,,,,,,,,
,,,,,,,,,,,,,,,,,,,,
,,,,,,,,,,,,,,,,,,,,
,,,,,,,,,,,,,,,,,,,,
,,,,,,,,,,,,,,,,,,,,
,,,,,,,,,,,,,,,,,,,,
,,,,,,,,,,,,,,,,,,,,
,,,,,,,,,,,,,,,,,,,,
,,,,,,,,,,,,,,,,,,,,
,,,,,,,,,,,,,,,,,,,,
,,,,,,,,,,,,,,,,,,,,
,,,,,,,,,,,,,,,,,,,,
,,,,,,,,,,,,,,,,,,,,
,,,,,,,,,,,,,,,,,,,,
,,,,,,,,,,,,,,,,,,,,
,,,,,,,,,,,,,,,,,,,,
,,,,,,,,,,,,,,,,,,,,
,,,,,,,,,,,,,,,,,,,,
,,,,,,,,,,,,,,,,,,,,
,,,,,,,,,,,,,,,,,,,,
,,,,,,,,,,,,,,,,,,,,
,,,,,,,,,,,,,,,,,,,,
,,,,,,,,,,,,,,,,,,,,
,,,,,,,,,,,,,,,,,,,,
,,,,,,,,,,,,,,,,,,,,
,,,,,,,,,,,,,,,,,,,,
,,,,,,,,,,,,,,,,,,,,
,,,,,,,,,,,,,,,,,,,,
,,,,,,,,,,,,,,,,,,,,
,,,,,,,,,,,,,,,,,,,,
,,,,,,,,,,,,,,,,,,,,
,,,,,,,,,,,,,,,,,,,,
,,,,,,,,,,,,,,,,,,,,
,,,,,,,,,,,,,,,,,,,,
,,,,,,,,,,,,,,,,,,,,
,,,,,,,,,,,,,,,,,,,,
,,,,,,,,,,,,,,,,,,,,
,,,,,,,,,,,,,,,,,,,,
,,,,,,,,,,,,,,,,,,,,
,,,,,,,,,,,,,,,,,,,,
,,,,,,,,,,,,,,,,,,,,
,,,,,,,,,,,,,,,,,,,,
,,,,,,,,,,,,,,,,,,,,
,,,,,,,,,,,,,,,,,,,,
,,,,,,,,,,,,,,,,,,,,
,,,,,,,,,,,,,,,,,,,,
,,,,,,,,,,,,,,,,,,,,
,,,,,,,,,,,,,,,,,,,,
,,,,,,,,,,,,,,,,,,,,
,,,,,,,,,,,,,,,,,,,,
,,,,,,,,,,,,,,,,,,,,
,,,,,,,,,,,,,,,,,,,,
,,,,,,,,,,,,,,,,,,,,
,,,,,,,,,,,,,,,,,,,,
,,,,,,,,,,,,,,,,,,,,
,,,,,,,,,,,,,,,,,,,,
,,,,,,,,,,,,,,,,,,,,
,,,,,,,,,,,,,,,,,,,,
,,,,,,,,,,,,,,,,,,,,
,,,,,,,,,,,,,,,,,,,,
,,,,,,,,,,,,,,,,,,,,
,,,,,,,,,,,,,,,,,,,,
,,,,,,,,,,,,,,,,,,,,
,,,,,,,,,,,,,,,,,,,,
,,,,,,,,,,,,,,,,,,,,
,,,,,,,,,,,,,,,,,,,,
,,,,,,,,,,,,,,,,,,,,
,,,,,,,,,,,,,,,,,,,,
,,,,,,,,,,,,,,,,,,,,
,,,,,,,,,,,,,,,,,,,,
,,,,,,,,,,,,,,,,,,,,
,,,,,,,,,,,,,,,,,,,,
,,,,,,,,,,,,,,,,,,,,
,,,,,,,,,,,,,,,,,,,,
,,,,,,,,,,,,,,,,,,,,
,,,,,,,,,,,,,,,,,,,,
,,,,,,,,,,,,,,,,,,,,
,,,,,,,,,,,,,,,,,,,,
,,,,,,,,,,,,,,,,,,,,
,,,,,,,,,,,,,,,,,,,,
,,,,,,,,,,,,,,,,,,,,
,,,,,,,,,,,,,,,,,,,,
,,,,,,,,,,,,,,,,,,,,
,,,,,,,,,,,,,,,,,,,,
,,,,,,,,,,,,,,,,,,,,
,,,,,,,,,,,,,,,,,,,,
,,,,,,,,,,,,,,,,,,,,
,,,,,,,,,,,,,,,,,,,,
,,,,,,,,,,,,,,,,,,,,
,,,,,,,,,,,,,,,,,,,,
,,,,,,,,,,,,,,,,,,,,
,,,,,,,,,,,,,,,,,,,,
,,,,,,,,,,,,,,,,,,,,
,,,,,,,,,,,,,,,,,,,,
,,,,,,,,,,,,,,,,,,,,
,,,,,,,,,,,,,,,,,,,,
,,,,,,,,,,,,,,,,,,,,
,,,,,,,,,,,,,,,,,,,,
,,,,,,,,,,,,,,,,,,,,
,,,,,,,,,,,,,,,,,,,,
,,,,,,,,,,,,,,,,,,,,
,,,,,,,,,,,,,,,,,,,,
,,,,,,,,,,,,,,,,,,,,
,,,,,,,,,,,,,,,,,,,,
,,,,,,,,,,,,,,,,,,,,
,,,,,,,,,,,,,,,,,,,,
,,,,,,,,,,,,,,,,,,,,
,,,,,,,,,,,,,,,,,,,,
,,,,,,,,,,,,,,,,,,,,
,,,,,,,,,,,,,,,,,,,,
,,,,,,,,,,,,,,,,,,,,
,,,,,,,,,,,,,,,,,,,,
,,,,,,,,,,,,,,,,,,,,
,,,,,,,,,,,,,,,,,,,,
,,,,,,,,,,,,,,,,,,,,
,,,,,,,,,,,,,,,,,,,,
,,,,,,,,,,,,,,,,,,,,
,,,,,,,,,,,,,,,,,,,,
,,,,,,,,,,,,,,,,,,,,
,,,,,,,,,,,,,,,,,,,,
,,,,,,,,,,,,,,,,,,,,
,,,,,,,,,,,,,,,,,,,,
,,,,,,,,,,,,,,,,,,,,
,,,,,,,,,,,,,,,,,,,,
,,,,,,,,,,,,,,,,,,,,
,,,,,,,,,,,,,,,,,,,,
,,,,,,,,,,,,,,,,,,,,
,,,,,,,,,,,,,,,,,,,,
,,,,,,,,,,,,,,,,,,,,
,,,,,,,,,,,,,,,,,,,,
,,,,,,,,,,,,,,,,,,,,
,,,,,,,,,,,,,,,,,,,,
,,,,,,,,,,,,,,,,,,,,
,,,,,,,,,,,,,,,,,,,,
,,,,,,,,,,,,,,,,,,,,
,,,,,,,,,,,,,,,,,,,,
,,,,,,,,,,,,,,,,,,,,
,,,,,,,,,,,,,,,,,,,,
,,,,,,,,,,,,,,,,,,,,
,,,,,,,,,,,,,,,,,,,,
,,,,,,,,,,,,,,,,,,,,
,,,,,,,,,,,,,,,,,,,,
,,,,,,,,,,,,,,,,,,,,
,,,,,,,,,,,,,,,,,,,,
,,,,,,,,,,,,,,,,,,,,
,,,,,,,,,,,,,,,,,,,,
,,,,,,,,,,,,,,,,,,,,
,,,,,,,,,,,,,,,,,,,,
,,,,,,,,,,,,,,,,,,,,
,,,,,,,,,,,,,,,,,,,,
,,,,,,,,,,,,,,,,,,,,
,,,,,,,,,,,,,,,,,,,,
,,,,,,,,,,,,,,,,,,,,
,,,,,,,,,,,,,,,,,,,,
,,,,,,,,,,,,,,,,,,,,
,,,,,,,,,,,,,,,,,,,,
,,,,,,,,,,,,,,,,,,,,
,,,,,,,,,,,,,,,,,,,,
,,,,,,,,,,,,,,,,,,,,
,,,,,,,,,,,,,,,,,,,,
,,,,,,,,,,,,,,,,,,,,
,,,,,,,,,,,,,,,,,,,,
,,,,,,,,,,,,,,,,,,,,
,,,,,,,,,,,,,,,,,,,,
,,,,,,,,,,,,,,,,,,,,
,,,,,,,,,,,,,,,,,,,,
,,,,,,,,,,,,,,,,,,,,
,,,,,,,,,,,,,,,,,,,,
,,,,,,,,,,,,,,,,,,,,
,,,,,,,,,,,,,,,,,,,,
,,,,,,,,,,,,,,,,,,,,
,,,,,,,,,,,,,,,,,,,,
,,,,,,,,,,,,,,,,,,,,
,,,,,,,,,,,,,,,,,,,,
,,,,,,,,,,,,,,,,,,,,
,,,,,,,,,,,,,,,,,,,,
,,,,,,,,,,,,,,,,,,,,
,,,,,,,,,,,,,,,,,,,,
,,,,,,,,,,,,,,,,,,,,
,,,,,,,,,,,,,,,,,,,,
,,,,,,,,,,,,,,,,,,,,
,,,,,,,,,,,,,,,,,,,,
,,,,,,,,,,,,,,,,,,,,
,,,,,,,,,,,,,,,,,,,,
,,,,,,,,,,,,,,,,,,,,
,,,,,,,,,,,,,,,,,,,,
,,,,,,,,,,,,,,,,,,,,
,,,,,,,,,,,,,,,,,,,,
,,,,,,,,,,,,,,,,,,,,
,,,,,,,,,,,,,,,,,,,,
,,,,,,,,,,,,,,,,,,,,
,,,,,,,,,,,,,,,,,,,,
,,,,,,,,,,,,,,,,,,,,
,,,,,,,,,,,,,,,,,,,,
,,,,,,,,,,,,,,,,,,,,
,,,,,,,,,,,,,,,,,,,,
,,,,,,,,,,,,,,,,,,,,
,,,,,,,,,,,,,,,,,,,,
,,,,,,,,,,,,,,,,,,,,
,,,,,,,,,,,,,,,,,,,,
,,,,,,,,,,,,,,,,,,,,
,,,,,,,,,,,,,,,,,,,,
,,,,,,,,,,,,,,,,,,,,
,,,,,,,,,,,,,,,,,,,,
,,,,,,,,,,,,,,,,,,,,
,,,,,,,,,,,,,,,,,,,,
,,,,,,,,,,,,,,,,,,,,
,,,,,,,,,,,,,,,,,,,,
,,,,,,,,,,,,,,,,,,,,
,,,,,,,,,,,,,,,,,,,,
,,,,,,,,,,,,,,,,,,,,
,,,,,,,,,,,,,,,,,,,,
,,,,,,,,,,,,,,,,,,,,
,,,,,,,,,,,,,,,,,,,,
,,,,,,,,,,,,,,,,,,,,
,,,,,,,,,,,,,,,,,,,,
,,,,,,,,,,,,,,,,,,,,
,,,,,,,,,,,,,,,,,,,,
,,,,,,,,,,,,,,,,,,,,
,,,,,,,,,,,,,,,,,,,,
,,,,,,,,,,,,,,,,,,,,
,,,,,,,,,,,,,,,,,,,,
,,,,,,,,,,,,,,,,,,,,
,,,,,,,,,,,,,,,,,,,,
,,,,,,,,,,,,,,,,,,,,
,,,,,,,,,,,,,,,,,,,,
,,,,,,,,,,,,,,,,,,,,
,,,,,,,,,,,,,,,,,,,,
,,,,,,,,,,,,,,,,,,,,
,,,,,,,,,,,,,,,,,,,,
,,,,,,,,,,,,,,,,,,,,
,,,,,,,,,,,,,,,,,,,,
,,,,,,,,,,,,,,,,,,,,
,,,,,,,,,,,,,,,,,,,,
,,,,,,,,,,,,,,,,,,,,
,,,,,,,,,,,,,,,,,,,,
,,,,,,,,,,,,,,,,,,,,
,,,,,,,,,,,,,,,,,,,,
,,,,,,,,,,,,,,,,,,,,
,,,,,,,,,,,,,,,,,,,,
,,,,,,,,,,,,,,,,,,,,
,,,,,,,,,,,,,,,,,,,,
,,,,,,,,,,,,,,,,,,,,
,,,,,,,,,,,,,,,,,,,,
,,,,,,,,,,,,,,,,,,,,
,,,,,,,,,,,,,,,,,,,,
,,,,,,,,,,,,,,,,,,,,
,,,,,,,,,,,,,,,,,,,,
,,,,,,,,,,,,,,,,,,,,
,,,,,,,,,,,,,,,,,,,,
,,,,,,,,,,,,,,,,,,,,
,,,,,,,,,,,,,,,,,,,,
,,,,,,,,,,,,,,,,,,,,
,,,,,,,,,,,,,,,,,,,,
,,,,,,,,,,,,,,,,,,,,
,,,,,,,,,,,,,,,,,,,,
,,,,,,,,,,,,,,,,,,,,
,,,,,,,,,,,,,,,,,,,,
,,,,,,,,,,,,,,,,,,,,
,,,,,,,,,,,,,,,,,,,,
,,,,,,,,,,,,,,,,,,,,
,,,,,,,,,,,,,,,,,,,,
,,,,,,,,,,,,,,,,,,,,
,,,,,,,,,,,,,,,,,,,,
,,,,,,,,,,,,,,,,,,,,
,,,,,,,,,,,,,,,,,,,,
,,,,,,,,,,,,,,,,,,,,
,,,,,,,,,,,,,,,,,,,,
,,,,,,,,,,,,,,,,,,,,
,,,,,,,,,,,,,,,,,,,,
,,,,,,,,,,,,,,,,,,,,
,,,,,,,,,,,,,,,,,,,,
,,,,,,,,,,,,,,,,,,,,
,,,,,,,,,,,,,,,,,,,,
,,,,,,,,,,,,,,,,,,,,
,,,,,,,,,,,,,,,,,,,,
,,,,,,,,,,,,,,,,,,,,
,,,,,,,,,,,,,,,,,,,,
,,,,,,,,,,,,,,,,,,,,
,,,,,,,,,,,,,,,,,,,,
,,,,,,,,,,,,,,,,,,,,
,,,,,,,,,,,,,,,,,,,,
,,,,,,,,,,,,,,,,,,,,
,,,,,,,,,,,,,,,,,,,,
,,,,,,,,,,,,,,,,,,,,
,,,,,,,,,,,,,,,,,,,,
,,,,,,,,,,,,,,,,,,,,
,,,,,,,,,,,,,,,,,,,,
,,,,,,,,,,,,,,,,,,,,
,,,,,,,,,,,,,,,,,,,,
,,,,,,,,,,,,,,,,,,,,
,,,,,,,,,,,,,,,,,,,,
,,,,,,,,,,,,,,,,,,,,
,,,,,,,,,,,,,,,,,,,,
,,,,,,,,,,,,,,,,,,,,
,,,,,,,,,,,,,,,,,,,,
,,,,,,,,,,,,,,,,,,,,
,,,,,,,,,,,,,,,,,,,,
,,,,,,,,,,,,,,,,,,,,
,,,,,,,,,,,,,,,,,,,,
,,,,,,,,,,,,,,,,,,,,
,,,,,,,,,,,,,,,,,,,,
,,,,,,,,,,,,,,,,,,,,
,,,,,,,,,,,,,,,,,,,,
,,,,,,,,,,,,,,,,,,,,
,,,,,,,,,,,,,,,,,,,,
,,,,,,,,,,,,,,,,,,,,
,,,,,,,,,,,,,,,,,,,,
,,,,,,,,,,,,,,,,,,,,
,,,,,,,,,,,,,,,,,,,,
,,,,,,,,,,,,,,,,,,,,
,,,,,,,,,,,,,,,,,,,,
,,,,,,,,,,,,,,,,,,,,
,,,,,,,,,,,,,,,,,,,,
,,,,,,,,,,,,,,,,,,,,
,,,,,,,,,,,,,,,,,,,,
,,,,,,,,,,,,,,,,,,,,
,,,,,,,,,,,,,,,,,,,,
,,,,,,,,,,,,,,,,,,,,
,,,,,,,,,,,,,,,,,,,,
,,,,,,,,,,,,,,,,,,,,
,,,,,,,,,,,,,,,,,,,,
,,,,,,,,,,,,,,,,,,,,
,,,,,,,,,,,,,,,,,,,,
,,,,,,,,,,,,,,,,,,,,
,,,,,,,,,,,,,,,,,,,,
,,,,,,,,,,,,,,,,,,,,
,,,,,,,,,,,,,,,,,,,,
,,,,,,,,,,,,,,,,,,,,
,,,,,,,,,,,,,,,,,,,,
,,,,,,,,,,,,,,,,,,,,
,,,,,,,,,,,,,,,,,,,,
,,,,,,,,,,,,,,,,,,,,
,,,,,,,,,,,,,,,,,,,,
,,,,,,,,,,,,,,,,,,,,
,,,,,,,,,,,,,,,,,,,,
,,,,,,,,,,,,,,,,,,,,
,,,,,,,,,,,,,,,,,,,,
,,,,,,,,,,,,,,,,,,,,
,,,,,,,,,,,,,,,,,,,,
,,,,,,,,,,,,,,,,,,,,
,,,,,,,,,,,,,,,,,,,,
,,,,,,,,,,,,,,,,,,,,
,,,,,,,,,,,,,,,,,,,,
,,,,,,,,,,,,,,,,,,,,
,,,,,,,,,,,,,,,,,,,,
,,,,,,,,,,,,,,,,,,,,
,,,,,,,,,,,,,,,,,,,,
,,,,,,,,,,,,,,,,,,,,
,,,,,,,,,,,,,,,,,,,,
,,,,,,,,,,,,,,,,,,,,
,,,,,,,,,,,,,,,,,,,,
,,,,,,,,,,,,,,,,,,,,
,,,,,,,,,,,,,,,,,,,,
,,,,,,,,,,,,,,,,,,,,
,,,,,,,,,,,,,,,,,,,,
,,,,,,,,,,,,,,,,,,,,
,,,,,,,,,,,,,,,,,,,,
,,,,,,,,,,,,,,,,,,,,
,,,,,,,,,,,,,,,,,,,,
,,,,,,,,,,,,,,,,,,,,
,,,,,,,,,,,,,,,,,,,,
,,,,,,,,,,,,,,,,,,,,
,,,,,,,,,,,,,,,,,,,,
,,,,,,,,,,,,,,,,,,,,
,,,,,,,,,,,,,,,,,,,,
,,,,,,,,,,,,,,,,,,,,
,,,,,,,,,,,,,,,,,,,,
,,,,,,,,,,,,,,,,,,,,
,,,,,,,,,,,,,,,,,,,,
,,,,,,,,,,,,,,,,,,,,
,,,,,,,,,,,,,,,,,,,,
,,,,,,,,,,,,,,,,,,,,
,,,,,,,,,,,,,,,,,,,,
,,,,,,,,,,,,,,,,,,,,
,,,,,,,,,,,,,,,,,,,,
,,,,,,,,,,,,,,,,,,,,
,,,,,,,,,,,,,,,,,,,,
,,,,,,,,,,,,,,,,,,,,
,,,,,,,,,,,,,,,,,,,,
,,,,,,,,,,,,,,,,,,,,
,,,,,,,,,,,,,,,,,,,,
,,,,,,,,,,,,,,,,,,,,
,,,,,,,,,,,,,,,,,,,,
,,,,,,,,,,,,,,,,,,,,
,,,,,,,,,,,,,,,,,,,,
,,,,,,,,,,,,,,,,,,,,
,,,,,,,,,,,,,,,,,,,,
,,,,,,,,,,,,,,,,,,,,
,,,,,,,,,,,,,,,,,,,,
,,,,,,,,,,,,,,,,,,,,
,,,,,,,,,,,,,,,,,,,,
,,,,,,,,,,,,,,,,,,,,
,,,,,,,,,,,,,,,,,,,,
,,,,,,,,,,,,,,,,,,,,
,,,,,,,,,,,,,,,,,,,,
,,,,,,,,,,,,,,,,,,,,
,,,,,,,,,,,,,,,,,,,,
,,,,,,,,,,,,,,,,,,,,
,,,,,,,,,,,,,,,,,,,,
,,,,,,,,,,,,,,,,,,,,
,,,,,,,,,,,,,,,,,,,,
,,,,,,,,,,,,,,,,,,,,
,,,,,,,,,,,,,,,,,,,,
,,,,,,,,,,,,,,,,,,,,
,,,,,,,,,,,,,,,,,,,,
,,,,,,,,,,,,,,,,,,,,
,,,,,,,,,,,,,,,,,,,,
,,,,,,,,,,,,,,,,,,,,
,,,,,,,,,,,,,,,,,,,,
,,,,,,,,,,,,,,,,,,,,
,,,,,,,,,,,,,,,,,,,,
,,,,,,,,,,,,,,,,,,,,
,,,,,,,,,,,,,,,,,,,,
,,,,,,,,,,,,,,,,,,,,
,,,,,,,,,,,,,,,,,,,,
,,,,,,,,,,,,,,,,,,,,
,,,,,,,,,,,,,,,,,,,,
,,,,,,,,,,,,,,,,,,,,
,,,,,,,,,,,,,,,,,,,,
,,,,,,,,,,,,,,,,,,,,
,,,,,,,,,,,,,,,,,,,,
,,,,,,,,,,,,,,,,,,,,
,,,,,,,,,,,,,,,,,,,,
,,,,,,,,,,,,,,,,,,,,
,,,,,,,,,,,,,,,,,,,,
,,,,,,,,,,,,,,,,,,,,
,,,,,,,,,,,,,,,,,,,,
,,,,,,,,,,,,,,,,,,,,
,,,,,,,,,,,,,,,,,,,,
,,,,,,,,,,,,,,,,,,,,
,,,,,,,,,,,,,,,,,,,,
,,,,,,,,,,,,,,,,,,,,
,,,,,,,,,,,,,,,,,,,,
,,,,,,,,,,,,,,,,,,,,
,,,,,,,,,,,,,,,,,,,,
,,,,,,,,,,,,,,,,,,,,
,,,,,,,,,,,,,,,,,,,,
,,,,,,,,,,,,,,,,,,,,
,,,,,,,,,,,,,,,,,,,,
,,,,,,,,,,,,,,,,,,,,
,,,,,,,,,,,,,,,,,,,,
,,,,,,,,,,,,,,,,,,,,
,,,,,,,,,,,,,,,,,,,,
,,,,,,,,,,,,,,,,,,,,
,,,,,,,,,,,,,,,,,,,,
,,,,,,,,,,,,,,,,,,,,
,,,,,,,,,,,,,,,,,,,,
,,,,,,,,,,,,,,,,,,,,
,,,,,,,,,,,,,,,,,,,,
,,,,,,,,,,,,,,,,,,,,
,,,,,,,,,,,,,,,,,,,,
,,,,,,,,,,,,,,,,,,,,
,,,,,,,,,,,,,,,,,,,,
,,,,,,,,,,,,,,,,,,,,
,,,,,,,,,,,,,,,,,,,,
,,,,,,,,,,,,,,,,,,,,
,,,,,,,,,,,,,,,,,,,,
,,,,,,,,,,,,,,,,,,,,
,,,,,,,,,,,,,,,,,,,,
,,,,,,,,,,,,,,,,,,,,
,,,,,,,,,,,,,,,,,,,,
,,,,,,,,,,,,,,,,,,,,
,,,,,,,,,,,,,,,,,,,,
,,,,,,,,,,,,,,,,,,,,
,,,,,,,,,,,,,,,,,,,,
,,,,,,,,,,,,,,,,,,,,
,,,,,,,,,,,,,,,,,,,,
,,,,,,,,,,,,,,,,,,,,
,,,,,,,,,,,,,,,,,,,,
,,,,,,,,,,,,,,,,,,,,
,,,,,,,,,,,,,,,,,,,,
,,,,,,,,,,,,,,,,,,,,
,,,,,,,,,,,,,,,,,,,,
,,,,,,,,,,,,,,,,,,,,
,,,,,,,,,,,,,,,,,,,,
,,,,,,,,,,,,,,,,,,,,
,,,,,,,,,,,,,,,,,,,,
,,,,,,,,,,,,,,,,,,,,
,,,,,,,,,,,,,,,,,,,,
,,,,,,,,,,,,,,,,,,,,
,,,,,,,,,,,,,,,,,,,,
,,,,,,,,,,,,,,,,,,,,
,,,,,,,,,,,,,,,,,,,,
,,,,,,,,,,,,,,,,,,,,
,,,,,,,,,,,,,,,,,,,,
,,,,,,,,,,,,,,,,,,,,
,,,,,,,,,,,,,,,,,,,,
,,,,,,,,,,,,,,,,,,,,
,,,,,,,,,,,,,,,,,,,,
,,,,,,,,,,,,,,,,,,,,
,,,,,,,,,,,,,,,,,,,,
,,,,,,,,,,,,,,,,,,,,
,,,,,,,,,,,,,,,,,,,,
,,,,,,,,,,,,,,,,,,,,
,,,,,,,,,,,,,,,,,,,,
,,,,,,,,,,,,,,,,,,,,
,,,,,,,,,,,,,,,,,,,,
,,,,,,,,,,,,,,,,,,,,
,,,,,,,,,,,,,,,,,,,,
,,,,,,,,,,,,,,,,,,,,
,,,,,,,,,,,,,,,,,,,,
,,,,,,,,,,,,,,,,,,,,
,,,,,,,,,,,,,,,,,,,,
,,,,,,,,,,,,,,,,,,,,
,,,,,,,,,,,,,,,,,,,,
,,,,,,,,,,,,,,,,,,,,
,,,,,,,,,,,,,,,,,,,,
,,,,,,,,,,,,,,,,,,,,
,,,,,,,,,,,,,,,,,,,,
,,,,,,,,,,,,,,,,,,,,
,,,,,,,,,,,,,,,,,,,,
,,,,,,,,,,,,,,,,,,,,
,,,,,,,,,,,,,,,,,,,,
,,,,,,,,,,,,,,,,,,,,
,,,,,,,,,,,,,,,,,,,,
,,,,,,,,,,,,,,,,,,,,
,,,,,,,,,,,,,,,,,,,,
,,,,,,,,,,,,,,,,,,,,
,,,,,,,,,,,,,,,,,,,,
,,,,,,,,,,,,,,,,,,,,
,,,,,,,,,,,,,,,,,,,,
,,,,,,,,,,,,,,,,,,,,
,,,,,,,,,,,,,,,,,,,,
,,,,,,,,,,,,,,,,,,,,
,,,,,,,,,,,,,,,,,,,,
,,,,,,,,,,,,,,,,,,,,
,,,,,,,,,,,,,,,,,,,,
,,,,,,,,,,,,,,,,,,,,
,,,,,,,,,,,,,,,,,,,,
,,,,,,,,,,,,,,,,,,,,
,,,,,,,,,,,,,,,,,,,,
,,,,,,,,,,,,,,,,,,,,
,,,,,,,,,,,,,,,,,,,,
,,,,,,,,,,,,,,,,,,,,
,,,,,,,,,,,,,,,,,,,,
,,,,,,,,,,,,,,,,,,,,
,,,,,,,,,,,,,,,,,,,,
,,,,,,,,,,,,,,,,,,,,
,,,,,,,,,,,,,,,,,,,,
,,,,,,,,,,,,,,,,,,,,
,,,,,,,,,,,,,,,,,,,,
,,,,,,,,,,,,,,,,,,,,
,,,,,,,,,,,,,,,,,,,,
,,,,,,,,,,,,,,,,,,,,
,,,,,,,,,,,,,,,,,,,,
,,,,,,,,,,,,,,,,,,,,
,,,,,,,,,,,,,,,,,,,,
,,,,,,,,,,,,,,,,,,,,
,,,,,,,,,,,,,,,,,,,,
,,,,,,,,,,,,,,,,,,,,
,,,,,,,,,,,,,,,,,,,,
,,,,,,,,,,,,,,,,,,,,
,,,,,,,,,,,,,,,,,,,,
,,,,,,,,,,,,,,,,,,,,
,,,,,,,,,,,,,,,,,,,,
,,,,,,,,,,,,,,,,,,,,
,,,,,,,,,,,,,,,,,,,,
,,,,,,,,,,,,,,,,,,,,
,,,,,,,,,,,,,,,,,,,,
,,,,,,,,,,,,,,,,,,,,
,,,,,,,,,,,,,,,,,,,,
,,,,,,,,,,,,,,,,,,,,
,,,,,,,,,,,,,,,,,,,,
,,,,,,,,,,,,,,,,,,,,
,,,,,,,,,,,,,,,,,,,,
,,,,,,,,,,,,,,,,,,,,
,,,,,,,,,,,,,,,,,,,,
,,,,,,,,,,,,,,,,,,,,
,,,,,,,,,,,,,,,,,,,,
,,,,,,,,,,,,,,,,,,,,
,,,,,,,,,,,,,,,,,,,,
,,,,,,,,,,,,,,,,,,,,
,,,,,,,,,,,,,,,,,,,,
,,,,,,,,,,,,,,,,,,,,
,,,,,,,,,,,,,,,,,,,,
,,,,,,,,,,,,,,,,,,,,
,,,,,,,,,,,,,,,,,,,,
,,,,,,,,,,,,,,,,,,,,
,,,,,,,,,,,,,,,,,,,,
,,,,,,,,,,,,,,,,,,,,
,,,,,,,,,,,,,,,,,,,,
,,,,,,,,,,,,,,,,,,,,
,,,,,,,,,,,,,,,,,,,,
,,,,,,,,,,,,,,,,,,,,
,,,,,,,,,,,,,,,,,,,,
,,,,,,,,,,,,,,,,,,,,
,,,,,,,,,,,,,,,,,,,,
,,,,,,,,,,,,,,,,,,,,
,,,,,,,,,,,,,,,,,,,,
,,,,,,,,,,,,,,,,,,,,
,,,,,,,,,,,,,,,,,,,,
,,,,,,,,,,,,,,,,,,,,
,,,,,,,,,,,,,,,,,,,,
,,,,,,,,,,,,,,,,,,,,
,,,,,,,,,,,,,,,,,,,,
,,,,,,,,,,,,,,,,,,,,
,,,,,,,,,,,,,,,,,,,,
,,,,,,,,,,,,,,,,,,,,
,,,,,,,,,,,,,,,,,,,,
,,,,,,,,,,,,,,,,,,,,
,,,,,,,,,,,,,,,,,,,,
,,,,,,,,,,,,,,,,,,,,
,,,,,,,,,,,,,,,,,,,,
,,,,,,,,,,,,,,,,,,,,
,,,,,,,,,,,,,,,,,,,,
,,,,,,,,,,,,,,,,,,,,
,,,,,,,,,,,,,,,,,,,,
,,,,,,,,,,,,,,,,,,,,
,,,,,,,,,,,,,,,,,,,,
,,,,,,,,,,,,,,,,,,,,
,,,,,,,,,,,,,,,,,,,,
,,,,,,,,,,,,,,,,,,,,
,,,,,,,,,,,,,,,,,,,,
,,,,,,,,,,,,,,,,,,,,
,,,,,,,,,,,,,,,,,,,,
,,,,,,,,,,,,,,,,,,,,
,,,,,,,,,,,,,,,,,,,,
,,,,,,,,,,,,,,,,,,,,
,,,,,,,,,,,,,,,,,,,,
,,,,,,,,,,,,,,,,,,,,
,,,,,,,,,,,,,,,,,,,,
,,,,,,,,,,,,,,,,,,,,
,,,,,,,,,,,,,,,,,,,,
,,,,,,,,,,,,,,,,,,,,
,,,,,,,,,,,,,,,,,,,,
,,,,,,,,,,,,,,,,,,,,
,,,,,,,,,,,,,,,,,,,,
,,,,,,,,,,,,,,,,,,,,
,,,,,,,,,,,,,,,,,,,,
,,,,,,,,,,,,,,,,,,,,
,,,,,,,,,,,,,,,,,,,,
,,,,,,,,,,,,,,,,,,,,
,,,,,,,,,,,,,,,,,,,,
,,,,,,,,,,,,,,,,,,,,
,,,,,,,,,,,,,,,,,,,,
,,,,,,,,,,,,,,,,,,,,
,,,,,,,,,,,,,,,,,,,,
,,,,,,,,,,,,,,,,,,,,
,,,,,,,,,,,,,,,,,,,,
,,,,,,,,,,,,,,,,,,,,
,,,,,,,,,,,,,,,,,,,,
,,,,,,,,,,,,,,,,,,,,
,,,,,,,,,,,,,,,,,,,,
,,,,,,,,,,,,,,,,,,,,
,,,,,,,,,,,,,,,,,,,,
,,,,,,,,,,,,,,,,,,,,
,,,,,,,,,,,,,,,,,,,,
,,,,,,,,,,,,,,,,,,,,
,,,,,,,,,,,,,,,,,,,,
,,,,,,,,,,,,,,,,,,,,
,,,,,,,,,,,,,,,,,,,,
,,,,,,,,,,,,,,,,,,,,
,,,,,,,,,,,,,,,,,,,,
,,,,,,,,,,,,,,,,,,,,
,,,,,,,,,,,,,,,,,,,,
,,,,,,,,,,,,,,,,,,,,
,,,,,,,,,,,,,,,,,,,,
,,,,,,,,,,,,,,,,,,,,
,,,,,,,,,,,,,,,,,,,,
,,,,,,,,,,,,,,,,,,,,
,,,,,,,,,,,,,,,,,,,,
,,,,,,,,,,,,,,,,,,,,
,,,,,,,,,,,,,,,,,,,,
,,,,,,,,,,,,,,,,,,,,
,,,,,,,,,,,,,,,,,,,,
,,,,,,,,,,,,,,,,,,,,
,,,,,,,,,,,,,,,,,,,,
,,,,,,,,,,,,,,,,,,,,
,,,,,,,,,,,,,,,,,,,,
,,,,,,,,,,,,,,,,,,,,
,,,,,,,,,,,,,,,,,,,,
,,,,,,,,,,,,,,,,,,,,
,,,,,,,,,,,,,,,,,,,,
,,,,,,,,,,,,,,,,,,,,
,,,,,,,,,,,,,,,,,,,,
,,,,,,,,,,,,,,,,,,,,
,,,,,,,,,,,,,,,,,,,,
,,,,,,,,,,,,,,,,,,,,
,,,,,,,,,,,,,,,,,,,,
,,,,,,,,,,,,,,,,,,,,
,,,,,,,,,,,,,,,,,,,,
,,,,,,,,,,,,,,,,,,,,
,,,,,,,,,,,,,,,,,,,,
,,,,,,,,,,,,,,,,,,,,
,,,,,,,,,,,,,,,,,,,,
,,,,,,,,,,,,,,,,,,,,
,,,,,,,,,,,,,,,,,,,,
,,,,,,,,,,,,,,,,,,,,
,,,,,,,,,,,,,,,,,,,,
,,,,,,,,,,,,,,,,,,,,
,,,,,,,,,,,,,,,,,,,,
,,,,,,,,,,,,,,,,,,,,
,,,,,,,,,,,,,,,,,,,,
,,,,,,,,,,,,,,,,,,,,
,,,,,,,,,,,,,,,,,,,,
,,,,,,,,,,,,,,,,,,,,
,,,,,,,,,,,,,,,,,,,,
,,,,,,,,,,,,,,,,,,,,
,,,,,,,,,,,,,,,,,,,,
,,,,,,,,,,,,,,,,,,,,
,,,,,,,,,,,,,,,,,,,,
,,,,,,,,,,,,,,,,,,,,
,,,,,,,,,,,,,,,,,,,,
,,,,,,,,,,,,,,,,,,,,
,,,,,,,,,,,,,,,,,,,,
,,,,,,,,,,,,,,,,,,,,
,,,,,,,,,,,,,,,,,,,,
,,,,,,,,,,,,,,,,,,,,
,,,,,,,,,,,,,,,,,,,,
,,,,,,,,,,,,,,,,,,,,
,,,,,,,,,,,,,,,,,,,,
,,,,,,,,,,,,,,,,,,,,
,,,,,,,,,,,,,,,,,,,,
,,,,,,,,,,,,,,,,,,,,
,,,,,,,,,,,,,,,,,,,,
,,,,,,,,,,,,,,,,,,,,
,,,,,,,,,,,,,,,,,,,,
,,,,,,,,,,,,,,,,,,,,
,,,,,,,,,,,,,,,,,,,,
,,,,,,,,,,,,,,,,,,,,
,,,,,,,,,,,,,,,,,,,,
,,,,,,,,,,,,,,,,,,,,
,,,,,,,,,,,,,,,,,,,,
,,,,,,,,,,,,,,,,,,,,
,,,,,,,,,,,,,,,,,,,,
,,,,,,,,,,,,,,,,,,,,
,,,,,,,,,,,,,,,,,,,,
,,,,,,,,,,,,,,,,,,,,
,,,,,,,,,,,,,,,,,,,,
,,,,,,,,,,,,,,,,,,,,
,,,,,,,,,,,,,,,,,,,,
,,,,,,,,,,,,,,,,,,,,
,,,,,,,,,,,,,,,,,,,,
,,,,,,,,,,,,,,,,,,,,
,,,,,,,,,,,,,,,,,,,,
,,,,,,,,,,,,,,,,,,,,
,,,,,,,,,,,,,,,,,,,,
,,,,,,,,,,,,,,,,,,,,
,,,,,,,,,,,,,,,,,,,,
,,,,,,,,,,,,,,,,,,,,
,,,,,,,,,,,,,,,,,,,,
,,,,,,,,,,,,,,,,,,,,
,,,,,,,,,,,,,,,,,,,,
,,,,,,,,,,,,,,,,,,,,
,,,,,,,,,,,,,,,,,,,,
,,,,,,,,,,,,,,,,,,,,
,,,,,,,,,,,,,,,,,,,,
,,,,,,,,,,,,,,,,,,,,
,,,,,,,,,,,,,,,,,,,,
,,,,,,,,,,,,,,,,,,,,
,,,,,,,,,,,,,,,,,,,,
,,,,,,,,,,,,,,,,,,,,
,,,,,,,,,,,,,,,,,,,,
,,,,,,,,,,,,,,,,,,,,
,,,,,,,,,,,,,,,,,,,,
,,,,,,,,,,,,,,,,,,,,
,,,,,,,,,,,,,,,,,,,,
,,,,,,,,,,,,,,,,,,,,
,,,,,,,,,,,,,,,,,,,,
,,,,,,,,,,,,,,,,,,,,
,,,,,,,,,,,,,,,,,,,,
,,,,,,,,,,,,,,,,,,,,
,,,,,,,,,,,,,,,,,,,,
,,,,,,,,,,,,,,,,,,,,
,,,,,,,,,,,,,,,,,,,,
,,,,,,,,,,,,,,,,,,,,
,,,,,,,,,,,,,,,,,,,,
,,,,,,,,,,,,,,,,,,,,
,,,,,,,,,,,,,,,,,,,,
,,,,,,,,,,,,,,,,,,,,
,,,,,,,,,,,,,,,,,,,,
,,,,,,,,,,,,,,,,,,,,
,,,,,,,,,,,,,,,,,,,,
,,,,,,,,,,,,,,,,,,,,
,,,,,,,,,,,,,,,,,,,,
,,,,,,,,,,,,,,,,,,,,
,,,,,,,,,,,,,,,,,,,,
,,,,,,,,,,,,,,,,,,,,
,,,,,,,,,,,,,,,,,,,,
,,,,,,,,,,,,,,,,,,,,
,,,,,,,,,,,,,,,,,,,,
,,,,,,,,,,,,,,,,,,,,
,,,,,,,,,,,,,,,,,,,,
,,,,,,,,,,,,,,,,,,,,
,,,,,,,,,,,,,,,,,,,,
,,,,,,,,,,,,,,,,,,,,
,,,,,,,,,,,,,,,,,,,,
,,,,,,,,,,,,,,,,,,,,
,,,,,,,,,,,,,,,,,,,,
,,,,,,,,,,,,,,,,,,,,
,,,,,,,,,,,,,,,,,,,,
,,,,,,,,,,,,,,,,,,,,
,,,,,,,,,,,,,,,,,,,,
,,,,,,,,,,,,,,,,,,,,
,,,,,,,,,,,,,,,,,,,,
,,,,,,,,,,,,,,,,,,,,
,,,,,,,,,,,,,,,,,,,,
,,,,,,,,,,,,,,,,,,,,
,,,,,,,,,,,,,,,,,,,,
,,,,,,,,,,,,,,,,,,,,
,,,,,,,,,,,,,,,,,,,,
,,,,,,,,,,,,,,,,,,,,
,,,,,,,,,,,,,,,,,,,,
,,,,,,,,,,,,,,,,,,,,
,,,,,,,,,,,,,,,,,,,,
,,,,,,,,,,,,,,,,,,,,
,,,,,,,,,,,,,,,,,,,,
,,,,,,,,,,,,,,,,,,,,
,,,,,,,,,,,,,,,,,,,,
,,,,,,,,,,,,,,,,,,,,
,,,,,,,,,,,,,,,,,,,,
,,,,,,,,,,,,,,,,,,,,
,,,,,,,,,,,,,,,,,,,,
,,,,,,,,,,,,,,,,,,,,
,,,,,,,,,,,,,,,,,,,,
,,,,,,,,,,,,,,,,,,,,
,,,,,,,,,,,,,,,,,,,,
,,,,,,,,,,,,,,,,,,,,
,,,,,,,,,,,,,,,,,,,,
,,,,,,,,,,,,,,,,,,,,
,,,,,,,,,,,,,,,,,,,,
,,,,,,,,,,,,,,,,,,,,
,,,,,,,,,,,,,,,,,,,,
,,,,,,,,,,,,,,,,,,,,
,,,,,,,,,,,,,,,,,,,,
,,,,,,,,,,,,,,,,,,,,
,,,,,,,,,,,,,,,,,,,,
,,,,,,,,,,,,,,,,,,,,
,,,,,,,,,,,,,,,,,,,,
,,,,,,,,,,,,,,,,,,,,
,,,,,,,,,,,,,,,,,,,,
,,,,,,,,,,,,,,,,,,,,
,,,,,,,,,,,,,,,,,,,,
,,,,,,,,,,,,,,,,,,,,
,,,,,,,,,,,,,,,,,,,,
,,,,,,,,,,,,,,,,,,,,
,,,,,,,,,,,,,,,,,,,,
